-- phpMyAdmin SQL Dump
-- version 5.2.0
-- https://www.phpmyadmin.net/
--
-- Host: 127.0.0.1
-- Generation Time: Aug 31, 2024 at 06:04 AM
-- Server version: 10.4.25-MariaDB
-- PHP Version: 8.1.10

SET SQL_MODE = "NO_AUTO_VALUE_ON_ZERO";
START TRANSACTION;
SET time_zone = "+00:00";


/*!40101 SET @OLD_CHARACTER_SET_CLIENT=@@CHARACTER_SET_CLIENT */;
/*!40101 SET @OLD_CHARACTER_SET_RESULTS=@@CHARACTER_SET_RESULTS */;
/*!40101 SET @OLD_COLLATION_CONNECTION=@@COLLATION_CONNECTION */;
/*!40101 SET NAMES utf8mb4 */;

--
-- Database: `social`
--

-- --------------------------------------------------------

--
-- Table structure for table `comments`
--

CREATE TABLE `comments` (
  `id` int(11) NOT NULL,
  `desc` varchar(200) COLLATE utf8mb4_unicode_ci NOT NULL,
  `createdAt` datetime DEFAULT NULL,
  `userId` int(11) NOT NULL,
  `postId` int(11) NOT NULL
) ENGINE=InnoDB DEFAULT CHARSET=utf8mb4 COLLATE=utf8mb4_unicode_ci;

--
-- Dumping data for table `comments`
--

INSERT INTO `comments` (`id`, `desc`, `createdAt`, `userId`, `postId`) VALUES
(3, 'like it', '2024-07-03 17:17:37', 2, 14);

-- --------------------------------------------------------

--
-- Table structure for table `likes`
--

CREATE TABLE `likes` (
  `id` int(11) NOT NULL,
  `userId` int(11) NOT NULL,
  `postId` int(11) NOT NULL
) ENGINE=InnoDB DEFAULT CHARSET=utf8mb4 COLLATE=utf8mb4_unicode_ci;

--
-- Dumping data for table `likes`
--

INSERT INTO `likes` (`id`, `userId`, `postId`) VALUES
(2, 1, 2),
(16, 2, 12),
(17, 2, 14);

-- --------------------------------------------------------

--
-- Table structure for table `posts`
--

CREATE TABLE `posts` (
  `id` int(11) NOT NULL,
  `desc` varchar(200) COLLATE utf8mb4_unicode_ci DEFAULT NULL,
  `img` varchar(200) COLLATE utf8mb4_unicode_ci DEFAULT NULL,
  `userId` int(11) NOT NULL,
  `createdAt` datetime DEFAULT NULL
) ENGINE=InnoDB DEFAULT CHARSET=utf8mb4 COLLATE=utf8mb4_unicode_ci;

--
-- Dumping data for table `posts`
--

INSERT INTO `posts` (`id`, `desc`, `img`, `userId`, `createdAt`) VALUES
(2, 'test 1', NULL, 1, NULL),
(12, '', '1716536711553mn.jpg', 2, '2024-05-24 14:45:11'),
(14, 'dep ha', '1719999390484sen-no-ro.jpg', 2, '2024-07-03 16:36:30');

-- --------------------------------------------------------

--
-- Table structure for table `relationships`
--

CREATE TABLE `relationships` (
  `id` int(11) NOT NULL,
  `followerUserId` int(11) NOT NULL,
  `followedUserId` int(11) NOT NULL
) ENGINE=InnoDB DEFAULT CHARSET=utf8mb4 COLLATE=utf8mb4_unicode_ci;

--
-- Dumping data for table `relationships`
--

INSERT INTO `relationships` (`id`, `followerUserId`, `followedUserId`) VALUES
(1, 2, 1),
(2, 2, 1),
(3, 1, 2);

-- --------------------------------------------------------

--
-- Table structure for table `stories`
--

CREATE TABLE `stories` (
  `id` int(11) NOT NULL,
  `img` varchar(200) COLLATE utf8mb4_unicode_ci NOT NULL,
  `userId` int(11) NOT NULL,
  `createdAt` datetime DEFAULT NULL
) ENGINE=InnoDB DEFAULT CHARSET=utf8mb4 COLLATE=utf8mb4_unicode_ci;

--
-- Dumping data for table `stories`
--

INSERT INTO `stories` (`id`, `img`, `userId`, `createdAt`) VALUES
(4, 'https://mir-s3-cdn-cf.behance.net/project_modules/1400/e96e10130541641.61827024ef8d5.jpg', 2, NULL),
(16, '/upload/1720164075010b9.jpg', 2, '2024-07-05 14:21:15'),
(17, '/upload/1720168560406cực-quang.jpg', 2, '2024-07-05 15:36:00');

-- --------------------------------------------------------

--
-- Table structure for table `users`
--

CREATE TABLE `users` (
  `id` int(11) NOT NULL,
  `username` varchar(45) COLLATE utf8mb4_unicode_ci NOT NULL,
  `email` varchar(45) COLLATE utf8mb4_unicode_ci NOT NULL,
  `password` varchar(200) COLLATE utf8mb4_unicode_ci NOT NULL,
  `name` varchar(45) COLLATE utf8mb4_unicode_ci NOT NULL,
  `coverPic` varchar(300) COLLATE utf8mb4_unicode_ci DEFAULT NULL,
  `profilePic` varchar(300) COLLATE utf8mb4_unicode_ci DEFAULT NULL,
  `city` varchar(45) COLLATE utf8mb4_unicode_ci DEFAULT NULL,
  `website` varchar(45) COLLATE utf8mb4_unicode_ci DEFAULT NULL
) ENGINE=InnoDB DEFAULT CHARSET=utf8mb4 COLLATE=utf8mb4_unicode_ci;

--
-- Dumping data for table `users`
--

INSERT INTO `users` (`id`, `username`, `email`, `password`, `name`, `coverPic`, `profilePic`, `city`, `website`) VALUES
(1, 'test', 'test@gmail.com', '$2a$10$qTcn2i7EZ74ZQYi6FHeBxuTk8ljO9lSOU1M28vcv1tSmr79LnMlWW', 'Thu Hien', NULL, NULL, NULL, NULL),
(2, 'test2', 'test2@gmail.com', '$2a$10$W/9pUfW2Vg.XDrp6j17FFu9YJphY3fRdH/R4TBuZ1TeZdrZVsMavC', 'Test 2', '1719997737844hh.png', '1719997754475sunset.jpg', 'Ha Noi', 'www'),
(3, 'test3', 'test3@gmail.com', '$2a$10$7uzoJKQnWtat.8hpDekxeuO22pvoe2gmhoy9UIjCn6IZgNRRwRtxS', '', '1719996271785cực-quang.jpg', '1719996271747hh.png', '', ''),
(4, 'tomoe', 'tomoe@gmail.com', '$2a$10$MGEHtGm7LWKcY5zAEwHcUuXVHRLIN8nGPr59cLQSnFLSNJAhHwag6', 'tomoe', NULL, NULL, NULL, NULL);

--
-- Indexes for dumped tables
--

--
-- Indexes for table `comments`
--
ALTER TABLE `comments`
  ADD PRIMARY KEY (`id`),
  ADD KEY `commentUserId` (`userId`),
  ADD KEY `postId` (`postId`);

--
-- Indexes for table `likes`
--
ALTER TABLE `likes`
  ADD PRIMARY KEY (`id`),
  ADD KEY `likeUserId` (`userId`),
  ADD KEY `likePostId` (`postId`);

--
-- Indexes for table `posts`
--
ALTER TABLE `posts`
  ADD PRIMARY KEY (`id`),
  ADD KEY `userId` (`userId`);

--
-- Indexes for table `relationships`
--
ALTER TABLE `relationships`
  ADD PRIMARY KEY (`id`),
  ADD KEY `followerUser` (`followerUserId`),
  ADD KEY `followedUser` (`followedUserId`);

--
-- Indexes for table `stories`
--
ALTER TABLE `stories`
  ADD PRIMARY KEY (`id`),
  ADD KEY `storyUserId` (`userId`);

--
-- Indexes for table `users`
--
ALTER TABLE `users`
  ADD PRIMARY KEY (`id`);

--
-- AUTO_INCREMENT for dumped tables
--

--
-- AUTO_INCREMENT for table `comments`
--
ALTER TABLE `comments`
  MODIFY `id` int(11) NOT NULL AUTO_INCREMENT, AUTO_INCREMENT=4;

--
-- AUTO_INCREMENT for table `likes`
--
ALTER TABLE `likes`
  MODIFY `id` int(11) NOT NULL AUTO_INCREMENT, AUTO_INCREMENT=19;

--
-- AUTO_INCREMENT for table `posts`
--
ALTER TABLE `posts`
  MODIFY `id` int(11) NOT NULL AUTO_INCREMENT, AUTO_INCREMENT=15;

--
-- AUTO_INCREMENT for table `relationships`
--
ALTER TABLE `relationships`
  MODIFY `id` int(11) NOT NULL AUTO_INCREMENT, AUTO_INCREMENT=8;

--
-- AUTO_INCREMENT for table `stories`
--
ALTER TABLE `stories`
  MODIFY `id` int(11) NOT NULL AUTO_INCREMENT, AUTO_INCREMENT=19;

--
-- AUTO_INCREMENT for table `users`
--
ALTER TABLE `users`
  MODIFY `id` int(11) NOT NULL AUTO_INCREMENT, AUTO_INCREMENT=5;

--
-- Constraints for dumped tables
--

--
-- Constraints for table `comments`
--
ALTER TABLE `comments`
  ADD CONSTRAINT `commentUserId` FOREIGN KEY (`userId`) REFERENCES `users` (`id`) ON DELETE CASCADE ON UPDATE CASCADE,
  ADD CONSTRAINT `postId` FOREIGN KEY (`postId`) REFERENCES `posts` (`id`) ON DELETE CASCADE ON UPDATE CASCADE;

--
-- Constraints for table `likes`
--
ALTER TABLE `likes`
  ADD CONSTRAINT `likePostId` FOREIGN KEY (`postId`) REFERENCES `posts` (`id`) ON DELETE CASCADE ON UPDATE CASCADE,
  ADD CONSTRAINT `likeUserId` FOREIGN KEY (`userId`) REFERENCES `users` (`id`) ON DELETE CASCADE ON UPDATE CASCADE;

--
-- Constraints for table `posts`
--
ALTER TABLE `posts`
  ADD CONSTRAINT `userId` FOREIGN KEY (`userId`) REFERENCES `users` (`id`) ON DELETE CASCADE ON UPDATE CASCADE;

--
-- Constraints for table `relationships`
--
ALTER TABLE `relationships`
  ADD CONSTRAINT `followedUser` FOREIGN KEY (`followedUserId`) REFERENCES `users` (`id`) ON DELETE CASCADE ON UPDATE CASCADE,
  ADD CONSTRAINT `followerUser` FOREIGN KEY (`followerUserId`) REFERENCES `users` (`id`) ON DELETE CASCADE ON UPDATE CASCADE;

--
-- Constraints for table `stories`
--
ALTER TABLE `stories`
  ADD CONSTRAINT `storyUserId` FOREIGN KEY (`userId`) REFERENCES `users` (`id`) ON DELETE CASCADE ON UPDATE CASCADE;
COMMIT;

/*!40101 SET CHARACTER_SET_CLIENT=@OLD_CHARACTER_SET_CLIENT */;
/*!40101 SET CHARACTER_SET_RESULTS=@OLD_CHARACTER_SET_RESULTS */;
/*!40101 SET COLLATION_CONNECTION=@OLD_COLLATION_CONNECTION */;
